threshold,m3_total_fn,m6_total_fn,fn_reduction_m6_vs_m3,m3_total_fp,m6_total_fp,fp_reduction_m6_vs_m3,m3_avg_recall,m6_avg_recall,m3_avg_precision,m6_avg_precision,m3_avg_accuracy,m6_avg_accuracy,m3_total_errors,m6_total_errors,error_reduction_m6_vs_m3,m3_avg_f2,m6_avg_f2
0.1,74,106,-32,470,269,201,98.52%,97.88%,91.37%,94.82%,94.56%,96.25%,544,375,169,0.9698658551133669,0.9724692815425582
0.15,90,123,-33,370,223,147,98.20%,97.54%,93.06%,95.66%,95.40%,96.54%,460,346,114,0.9711446137437761,0.9715219662244478
0.2,110,139,-29,294,194,100,97.80%,97.22%,94.37%,96.18%,95.96%,96.67%,404,333,71,0.9708658685378486,0.9700708925776697
0.25,132,153,-21,248,171,77,97.36%,96.94%,95.18%,96.61%,96.20%,96.76%,380,324,56,0.9691056849427744,0.9687057589482027
0.3,146,168,-22,212,155,57,97.08%,96.64%,95.83%,96.90%,96.42%,96.77%,358,323,35,0.9682463100409308,0.9669029219740869
0.35,166,176,-10,176,140,36,96.68%,96.48%,96.50%,97.19%,96.58%,96.84%,342,316,26,0.9664090215634171,0.966188524942521
0.4,185,187,-2,154,131,23,96.30%,96.26%,96.91%,97.36%,96.61%,96.82%,339,318,21,0.9641862733541527,0.9647575958412649
0.45,202,194,8,139,113,26,95.96%,96.12%,97.19%,97.71%,96.59%,96.93%,341,307,34,0.9620110500975739,0.964321038842735
0.5,226,205,21,128,98,30,95.48%,95.90%,97.39%,98.00%,96.46%,96.97%,354,303,51,0.9585328121071468,0.9631174564520524
