condition,qf,m6_fn,m3_fn,fn_diff_m6_vs_m3,m6_fnr,m3_fnr,fnr_diff_pp,m6_fp,m3_fp,m6_recall,m3_recall,recall_diff_pp,m6_acc,m3_acc,acc_diff_pp,m6_errors,m3_errors,error_diff
Clean,100,32,38,-6,3.20%,3.80%,-0.60,12,14,96.80%,96.20%,+0.60,97.80%,97.40%,+0.40,44,52,-8
QF90,90,31,33,-2,3.10%,3.30%,-0.20,14,18,96.90%,96.70%,+0.20,97.75%,97.45%,+0.30,45,51,-6
QF80,80,37,40,-3,3.70%,4.00%,-0.30,10,16,96.30%,96.00%,+0.30,97.65%,97.20%,+0.45,47,56,-9
QF70,70,33,39,-6,3.30%,3.90%,-0.60,12,16,96.70%,96.10%,+0.60,97.75%,97.25%,+0.50,45,55,-10
QF60,60,34,32,2,3.40%,3.20%,+0.20,13,20,96.60%,96.80%,-0.20,97.65%,97.40%,+0.25,47,52,-5
QF50,50,32,31,1,3.20%,3.10%,+0.10,25,36,96.80%,96.90%,-0.10,97.15%,96.65%,+0.50,57,67,-10
QF40,40,51,57,-6,5.10%,5.70%,-0.60,16,18,94.90%,94.30%,+0.60,96.65%,96.25%,+0.40,67,75,-8
QF30,30,49,45,4,4.90%,4.50%,+0.40,18,27,95.10%,95.50%,-0.40,96.65%,96.40%,+0.25,67,72,-5
QF20,20,51,66,-15,5.10%,6.60%,-1.50,34,38,94.90%,93.40%,+1.50,95.75%,94.80%,+0.95,85,104,-19
QF10,10,58,88,-30,5.80%,8.80%,-3.00,98,74,94.20%,91.20%,+3.00,92.20%,91.90%,+0.30,156,162,-6
