threshold,accuracy,precision,recall,f1,f2,mcc,roc_auc,pr_auc,TP,TN,FP,FN,total_errors,FNR,FPR,fn_error_pct,fp_error_pct,fake_prob_mean,fake_prob_median,fake_prob_std,real_prob_mean,real_prob_median,real_prob_std,borderline_fn_count,moderate_fn_count,severe_fn_count,fn_mean_prob,fn_median_prob,condition,qf
0.5,0.978,0.9877551020408163,0.968,0.9777777777777777,0.9718875502008032,0.9561912573791267,0.99651,0.9961094195319954,968,988,12,32,44,0.032,0.012,72.72727272727273,27.27272727272727,0.9625357156395912,1.0,0.16271523397430304,0.018207163751125334,1.1920928955078125e-07,0.09726546474764228,1,7,24,0.11310036666691303,0.066619873046875,Clean,100
0.5,0.9775,0.9857578840284842,0.969,0.9773071104387292,0.9723058398555088,0.9551380274181636,0.9959534999999999,0.9949749955567344,969,986,14,31,45,0.031,0.014,68.88888888888889,31.11111111111111,0.9653954941630364,1.0,0.15601814608213221,0.02048425304889679,1.7881393432617188e-07,0.10515430722694284,3,6,22,0.1357890002189144,0.062225341796875,QF90,90
0.5,0.9765,0.9897225077081192,0.963,0.9761784085149519,0.9682284335411221,0.9533475585391796,0.9957785,0.9947510502158043,963,990,10,37,47,0.037,0.01,78.72340425531915,21.27659574468085,0.9575990875363349,1.0,0.17244873027528573,0.018135841310024263,1.1920928955078125e-07,0.09855494251602055,3,7,27,0.12675426618472949,0.06658935546875,QF80,80
0.5,0.9775,0.9877425944841676,0.967,0.9772612430520465,0.9710785298252661,0.9552106471741139,0.9966315000000001,0.9962101458952205,967,988,12,33,45,0.033,0.012,73.33333333333333,26.666666666666668,0.9640603455305099,1.0,0.15989540996453586,0.018351640582084657,5.960464477539063e-08,0.09894577609658388,4,5,24,0.14162505395484692,0.04949951171875,QF70,70
0.5,0.9765,0.9867211440245148,0.966,0.9762506316321374,0.9700743121108656,0.9532102060281995,0.9959465000000001,0.9957961987594277,966,987,13,34,47,0.034,0.013,72.3404255319149,27.659574468085108,0.9631908062696457,1.0,0.1614799356894672,0.02015179008245468,2.384185791015625e-07,0.10411549587307783,2,8,24,0.13947281767340267,0.0765380859375,QF60,60
0.5,0.9715,0.9748237663645518,0.968,0.9713998996487707,0.9693570999399159,0.9430231043490883,0.9949564999999999,0.9948749441108607,968,975,25,32,57,0.032,0.025,56.14035087719298,43.859649122807014,0.9648162716627121,1.0,0.1567969831120179,0.03419912308454513,2.682209014892578e-06,0.1423219717768804,3,7,22,0.14266547188162804,0.08294677734375,QF50,50
0.5,0.9665,0.983419689119171,0.949,0.9659033078880407,0.9556898288016112,0.9335719880677164,0.994391,0.9942020634171402,949,984,16,51,67,0.051,0.016,76.11940298507463,23.88059701492537,0.9405166918039322,1.0,0.1978708517449797,0.022722312450408934,7.152557373046875e-07,0.1094520078468974,3,13,35,0.13700774370455274,0.0850830078125,QF40,40
0.5,0.9665,0.9814241486068112,0.951,0.9659725749111224,0.9569329845039243,0.9334486298758904,0.9946740000000001,0.9951400447278919,951,982,18,49,67,0.049,0.018,73.13432835820896,26.865671641791046,0.9485802773237229,1.0,0.18704683963111443,0.025458251893520356,2.0265579223632812e-06,0.1192001196110863,5,12,32,0.1585758924484253,0.10595703125,QF30,30
0.5,0.9575,0.965412004069176,0.949,0.957135653050933,0.9522376078667469,0.9151322461650467,0.990146,0.990650761465922,949,966,34,51,85,0.051,0.034,60.0,40.0,0.9418572747707367,1.0,0.19111630254627276,0.04523615914583206,2.6285648345947266e-05,0.15647376683614833,7,13,31,0.17389225959777832,0.15625,QF20,20
0.5,0.922,0.9057692307692308,0.942,0.9235294117647059,0.9345238095238095,0.8446760113218346,0.9777229999999999,0.9774068893049447,942,902,98,58,156,0.058,0.098,37.17948717948718,62.82051282051282,0.9290956420898437,1.0,0.19873549733289744,0.12116845375299454,0.00460052490234375,0.25439500398225384,8,20,30,0.1991419298895474,0.1851806640625,QF10,10
