threshold,avg_recall,avg_precision,avg_accuracy,avg_f2,total_fn_5cond,total_fp_5cond,total_errors_5cond
0.1,0.9788,0.9482474955262367,0.9625,0.9724692815425582,106,269,375
0.15,0.9753999999999999,0.9565885349034475,0.9654,0.9715219662244478,123,223,346
0.2,0.9722,0.961802093967498,0.9667,0.9700708925776697,139,194,333
0.25,0.9693999999999999,0.9660773684950155,0.9676,0.9687057589482027,153,171,324
0.3,0.9663999999999999,0.9690459503729884,0.9677000000000001,0.9669029219740869,168,155,323
0.35,0.9648,0.9718886453817881,0.9684000000000001,0.966188524942521,176,140,316
0.4,0.9625999999999999,0.9735769118907148,0.9682000000000001,0.9647575958412649,187,131,318
0.45,0.9612,0.9770905430956827,0.9692999999999999,0.964321038842735,194,113,307
0.5,0.959,0.9800198222571066,0.9696999999999999,0.9631174564520524,205,98,303
