epoch,stage,backbone_frozen,train_loss,train_acc,val_loss,val_acc,learning_rate,epoch_time_seconds,train_clean_count,train_qf80_count,train_qf60_count,train_qf50_count,train_qf40_count,train_qf20_count
1,STAGE 1: BACKBONE FROZEN (Classifier Only),True,0.61495,0.671944,0.520336,0.775,0.0001,52.5,3581,714,768,726,715,696
2,STAGE 1: BACKBONE FROZEN (Classifier Only),True,0.515223,0.747222,0.482723,0.78625,0.0001,59.65,3622,676,724,716,710,752
3,STAGE 2: FULL NETWORK FINE-TUNING (Backbone Unfrozen),False,0.307193,0.8725,0.142636,0.94125,0.0001,272.84,3547,763,693,738,749,710
4,STAGE 2: FULL NETWORK FINE-TUNING (Backbone Unfrozen),False,0.152964,0.943056,0.092619,0.96125,0.0001,286.35,3663,680,753,719,682,703
5,STAGE 2: FULL NETWORK FINE-TUNING (Backbone Unfrozen),False,0.110145,0.959861,0.092746,0.9625,0.0001,285.54,3631,729,694,728,727,691
6,STAGE 2: FULL NETWORK FINE-TUNING (Backbone Unfrozen),False,0.081193,0.97,0.086638,0.9725,0.0001,285.57,3614,678,745,674,729,760
7,STAGE 2: FULL NETWORK FINE-TUNING (Backbone Unfrozen),False,0.059356,0.978333,0.092127,0.96625,0.0001,285.67,3623,682,751,746,710,688
8,STAGE 2: FULL NETWORK FINE-TUNING (Backbone Unfrozen),False,0.047582,0.98375,0.11939,0.96125,0.0001,286.13,3592,719,725,708,682,774
9,STAGE 2: FULL NETWORK FINE-TUNING (Backbone Unfrozen),False,0.037254,0.989028,0.100655,0.96875,0.0001,286.36,3579,705,720,704,726,766
10,STAGE 2: FULL NETWORK FINE-TUNING (Backbone Unfrozen),False,0.033998,0.988194,0.077044,0.97,0.0001,283.66,3586,721,754,697,719,723
